snapshot_utc,mode,event_id,commence_utc,home,away,book,market,outcome,point,price
2026-09-03T07:13:49Z,scheduled,9de33ce1013f2a3375dbded2c9fbc7d6,2026-09-29T21:10:00Z,Carolina Hurricanes,Florida Panthers,draftkings,h2h,Carolina Hurricanes,,1.77
2026-09-03T07:13:49Z,scheduled,9de33ce1013f2a3375dbded2c9fbc7d6,2026-09-29T21:10:00Z,Carolina Hurricanes,Florida Panthers,draftkings,h2h,Florida Panthers,,2.1
2026-09-03T07:13:49Z,scheduled,9de33ce1013f2a3375dbded2c9fbc7d6,2026-09-29T21:10:00Z,Carolina Hurricanes,Florida Panthers,draftkings,spreads,Carolina Hurricanes,-1.5,2.9
2026-09-03T07:13:49Z,scheduled,9de33ce1013f2a3375dbded2c9fbc7d6,2026-09-29T21:10:00Z,Carolina Hurricanes,Florida Panthers,draftkings,spreads,Florida Panthers,1.5,1.43
2026-09-03T07:13:49Z,scheduled,9de33ce1013f2a3375dbded2c9fbc7d6,2026-09-29T21:10:00Z,Carolina Hurricanes,Florida Panthers,draftkings,totals,Over,6.5,2.0
2026-09-03T07:13:49Z,scheduled,9de33ce1013f2a3375dbded2c9fbc7d6,2026-09-29T21:10:00Z,Carolina Hurricanes,Florida Panthers,draftkings,totals,Under,6.5,1.83
2026-09-03T07:13:49Z,scheduled,9de33ce1013f2a3375dbded2c9fbc7d6,2026-09-29T21:10:00Z,Carolina Hurricanes,Florida Panthers,coolbet,h2h,Carolina Hurricanes,,2.3
2026-09-03T07:13:49Z,scheduled,9de33ce1013f2a3375dbded2c9fbc7d6,2026-09-29T21:10:00Z,Carolina Hurricanes,Florida Panthers,coolbet,h2h,Florida Panthers,,2.63
2026-09-03T07:13:49Z,scheduled,9de33ce1013f2a3375dbded2c9fbc7d6,2026-09-29T21:10:00Z,Carolina Hurricanes,Florida Panthers,coolbet,h2h,Draw,,4.2
2026-09-03T07:13:49Z,scheduled,9de33ce1013f2a3375dbded2c9fbc7d6,2026-09-29T21:10:00Z,Carolina Hurricanes,Florida Panthers,coolbet,spreads,Carolina Hurricanes,-1.5,3.0
2026-09-03T07:13:49Z,scheduled,9de33ce1013f2a3375dbded2c9fbc7d6,2026-09-29T21:10:00Z,Carolina Hurricanes,Florida Panthers,coolbet,spreads,Florida Panthers,1.5,1.4
2026-09-03T07:13:49Z,scheduled,9de33ce1013f2a3375dbded2c9fbc7d6,2026-09-29T21:10:00Z,Carolina Hurricanes,Florida Panthers,betsson,h2h,Carolina Hurricanes,,1.79
2026-09-03T07:13:49Z,scheduled,9de33ce1013f2a3375dbded2c9fbc7d6,2026-09-29T21:10:00Z,Carolina Hurricanes,Florida Panthers,betsson,h2h,Florida Panthers,,2.02
2026-09-03T07:13:49Z,scheduled,9de33ce1013f2a3375dbded2c9fbc7d6,2026-09-29T21:10:00Z,Carolina Hurricanes,Florida Panthers,fanduel,h2h,Carolina Hurricanes,,1.8
2026-09-03T07:13:49Z,scheduled,9de33ce1013f2a3375dbded2c9fbc7d6,2026-09-29T21:10:00Z,Carolina Hurricanes,Florida Panthers,fanduel,h2h,Florida Panthers,,2.04
2026-09-03T07:13:49Z,scheduled,9de33ce1013f2a3375dbded2c9fbc7d6,2026-09-29T21:10:00Z,Carolina Hurricanes,Florida Panthers,fanduel,spreads,Carolina Hurricanes,-1.5,2.86
2026-09-03T07:13:49Z,scheduled,9de33ce1013f2a3375dbded2c9fbc7d6,2026-09-29T21:10:00Z,Carolina Hurricanes,Florida Panthers,fanduel,spreads,Florida Panthers,1.5,1.43
2026-09-03T07:13:49Z,scheduled,9de33ce1013f2a3375dbded2c9fbc7d6,2026-09-29T21:10:00Z,Carolina Hurricanes,Florida Panthers,fanduel,totals,Over,6.5,2.06
2026-09-03T07:13:49Z,scheduled,9de33ce1013f2a3375dbded2c9fbc7d6,2026-09-29T21:10:00Z,Carolina Hurricanes,Florida Panthers,fanduel,totals,Under,6.5,1.77
2026-09-03T07:13:49Z,scheduled,9de33ce1013f2a3375dbded2c9fbc7d6,2026-09-29T21:10:00Z,Carolina Hurricanes,Florida Panthers,betmgm,h2h,Carolina Hurricanes,,1.77
2026-09-03T07:13:49Z,scheduled,9de33ce1013f2a3375dbded2c9fbc7d6,2026-09-29T21:10:00Z,Carolina Hurricanes,Florida Panthers,betmgm,h2h,Florida Panthers,,2.1
2026-09-03T07:13:49Z,scheduled,9de33ce1013f2a3375dbded2c9fbc7d6,2026-09-29T21:10:00Z,Carolina Hurricanes,Florida Panthers,betmgm,spreads,Carolina Hurricanes,-1.5,2.95
2026-09-03T07:13:49Z,scheduled,9de33ce1013f2a3375dbded2c9fbc7d6,2026-09-29T21:10:00Z,Carolina Hurricanes,Florida Panthers,betmgm,spreads,Florida Panthers,1.5,1.43
2026-09-03T07:13:49Z,scheduled,9de33ce1013f2a3375dbded2c9fbc7d6,2026-09-29T21:10:00Z,Carolina Hurricanes,Florida Panthers,betmgm,totals,Over,6.5,2.0
2026-09-03T07:13:49Z,scheduled,9de33ce1013f2a3375dbded2c9fbc7d6,2026-09-29T21:10:00Z,Carolina Hurricanes,Florida Panthers,betmgm,totals,Under,6.5,1.83
2026-09-03T07:13:49Z,scheduled,9de33ce1013f2a3375dbded2c9fbc7d6,2026-09-29T21:10:00Z,Carolina Hurricanes,Florida Panthers,betrivers,h2h,Carolina Hurricanes,,1.81
2026-09-03T07:13:49Z,scheduled,9de33ce1013f2a3375dbded2c9fbc7d6,2026-09-29T21:10:00Z,Carolina Hurricanes,Florida Panthers,betrivers,h2h,Florida Panthers,,2.02
2026-09-03T07:13:49Z,scheduled,9de33ce1013f2a3375dbded2c9fbc7d6,2026-09-29T21:10:00Z,Carolina Hurricanes,Florida Panthers,betrivers,spreads,Carolina Hurricanes,-1.5,3.0
2026-09-03T07:13:49Z,scheduled,9de33ce1013f2a3375dbded2c9fbc7d6,2026-09-29T21:10:00Z,Carolina Hurricanes,Florida Panthers,betrivers,spreads,Florida Panthers,1.5,1.38
2026-09-03T07:13:49Z,scheduled,9de33ce1013f2a3375dbded2c9fbc7d6,2026-09-29T21:10:00Z,Carolina Hurricanes,Florida Panthers,betrivers,totals,Over,6.5,2.0
2026-09-03T07:13:49Z,scheduled,9de33ce1013f2a3375dbded2c9fbc7d6,2026-09-29T21:10:00Z,Carolina Hurricanes,Florida Panthers,betrivers,totals,Under,6.5,1.79
2026-09-03T07:13:49Z,scheduled,485b295347cb22f002e014cb87813ed7,2026-09-29T23:10:00Z,Toronto Maple Leafs,Montréal Canadiens,draftkings,h2h,Montréal Canadiens,,1.95
2026-09-03T07:13:49Z,scheduled,485b295347cb22f002e014cb87813ed7,2026-09-29T23:10:00Z,Toronto Maple Leafs,Montréal Canadiens,draftkings,h2h,Toronto Maple Leafs,,1.87
2026-09-03T07:13:49Z,scheduled,485b295347cb22f002e014cb87813ed7,2026-09-29T23:10:00Z,Toronto Maple Leafs,Montréal Canadiens,draftkings,spreads,Montréal Canadiens,1.5,1.4
2026-09-03T07:13:49Z,scheduled,485b295347cb22f002e014cb87813ed7,2026-09-29T23:10:00Z,Toronto Maple Leafs,Montréal Canadiens,draftkings,spreads,Toronto Maple Leafs,-1.5,3.05
2026-09-03T07:13:49Z,scheduled,485b295347cb22f002e014cb87813ed7,2026-09-29T23:10:00Z,Toronto Maple Leafs,Montréal Canadiens,draftkings,totals,Over,6.5,2.05
2026-09-03T07:13:49Z,scheduled,485b295347cb22f002e014cb87813ed7,2026-09-29T23:10:00Z,Toronto Maple Leafs,Montréal Canadiens,draftkings,totals,Under,6.5,1.8
2026-09-03T07:13:49Z,scheduled,485b295347cb22f002e014cb87813ed7,2026-09-29T23:10:00Z,Toronto Maple Leafs,Montréal Canadiens,coolbet,h2h,Montréal Canadiens,,2.55
2026-09-03T07:13:49Z,scheduled,485b295347cb22f002e014cb87813ed7,2026-09-29T23:10:00Z,Toronto Maple Leafs,Montréal Canadiens,coolbet,h2h,Toronto Maple Leafs,,2.38
2026-09-03T07:13:49Z,scheduled,485b295347cb22f002e014cb87813ed7,2026-09-29T23:10:00Z,Toronto Maple Leafs,Montréal Canadiens,coolbet,h2h,Draw,,4.12
2026-09-03T07:13:49Z,scheduled,485b295347cb22f002e014cb87813ed7,2026-09-29T23:10:00Z,Toronto Maple Leafs,Montréal Canadiens,coolbet,spreads,Montréal Canadiens,1.5,1.38
2026-09-03T07:13:49Z,scheduled,485b295347cb22f002e014cb87813ed7,2026-09-29T23:10:00Z,Toronto Maple Leafs,Montréal Canadiens,coolbet,spreads,Toronto Maple Leafs,-1.5,3.05
2026-09-03T07:13:49Z,scheduled,485b295347cb22f002e014cb87813ed7,2026-09-29T23:10:00Z,Toronto Maple Leafs,Montréal Canadiens,betsson,h2h,Montréal Canadiens,,1.93
2026-09-03T07:13:49Z,scheduled,485b295347cb22f002e014cb87813ed7,2026-09-29T23:10:00Z,Toronto Maple Leafs,Montréal Canadiens,betsson,h2h,Toronto Maple Leafs,,1.87
2026-09-03T07:13:49Z,scheduled,485b295347cb22f002e014cb87813ed7,2026-09-29T23:10:00Z,Toronto Maple Leafs,Montréal Canadiens,fanduel,h2h,Montréal Canadiens,,1.95
2026-09-03T07:13:49Z,scheduled,485b295347cb22f002e014cb87813ed7,2026-09-29T23:10:00Z,Toronto Maple Leafs,Montréal Canadiens,fanduel,h2h,Toronto Maple Leafs,,1.88
2026-09-03T07:13:49Z,scheduled,485b295347cb22f002e014cb87813ed7,2026-09-29T23:10:00Z,Toronto Maple Leafs,Montréal Canadiens,fanduel,spreads,Montréal Canadiens,1.5,1.38
2026-09-03T07:13:49Z,scheduled,485b295347cb22f002e014cb87813ed7,2026-09-29T23:10:00Z,Toronto Maple Leafs,Montréal Canadiens,fanduel,spreads,Toronto Maple Leafs,-1.5,3.05
2026-09-03T07:13:49Z,scheduled,485b295347cb22f002e014cb87813ed7,2026-09-29T23:10:00Z,Toronto Maple Leafs,Montréal Canadiens,fanduel,totals,Over,6.5,2.06
2026-09-03T07:13:49Z,scheduled,485b295347cb22f002e014cb87813ed7,2026-09-29T23:10:00Z,Toronto Maple Leafs,Montréal Canadiens,fanduel,totals,Under,6.5,1.77
2026-09-03T07:13:49Z,scheduled,485b295347cb22f002e014cb87813ed7,2026-09-29T23:10:00Z,Toronto Maple Leafs,Montréal Canadiens,betmgm,h2h,Montréal Canadiens,,1.91
2026-09-03T07:13:49Z,scheduled,485b295347cb22f002e014cb87813ed7,2026-09-29T23:10:00Z,Toronto Maple Leafs,Montréal Canadiens,betmgm,h2h,Toronto Maple Leafs,,1.91
2026-09-03T07:13:49Z,scheduled,485b295347cb22f002e014cb87813ed7,2026-09-29T23:10:00Z,Toronto Maple Leafs,Montréal Canadiens,betmgm,spreads,Montréal Canadiens,1.5,1.4
2026-09-03T07:13:49Z,scheduled,485b295347cb22f002e014cb87813ed7,2026-09-29T23:10:00Z,Toronto Maple Leafs,Montréal Canadiens,betmgm,spreads,Toronto Maple Leafs,-1.5,3.0
2026-09-03T07:13:49Z,scheduled,485b295347cb22f002e014cb87813ed7,2026-09-29T23:10:00Z,Toronto Maple Leafs,Montréal Canadiens,betmgm,totals,Over,6.0,1.83
2026-09-03T07:13:49Z,scheduled,485b295347cb22f002e014cb87813ed7,2026-09-29T23:10:00Z,Toronto Maple Leafs,Montréal Canadiens,betmgm,totals,Under,6.0,2.0
2026-09-03T07:13:49Z,scheduled,485b295347cb22f002e014cb87813ed7,2026-09-29T23:10:00Z,Toronto Maple Leafs,Montréal Canadiens,betrivers,h2h,Montréal Canadiens,,1.95
2026-09-03T07:13:49Z,scheduled,485b295347cb22f002e014cb87813ed7,2026-09-29T23:10:00Z,Toronto Maple Leafs,Montréal Canadiens,betrivers,h2h,Toronto Maple Leafs,,1.87
2026-09-03T07:13:49Z,scheduled,485b295347cb22f002e014cb87813ed7,2026-09-29T23:10:00Z,Toronto Maple Leafs,Montréal Canadiens,betrivers,spreads,Montréal Canadiens,1.5,1.38
2026-09-03T07:13:49Z,scheduled,485b295347cb22f002e014cb87813ed7,2026-09-29T23:10:00Z,Toronto Maple Leafs,Montréal Canadiens,betrivers,spreads,Toronto Maple Leafs,-1.5,3.0
2026-09-03T07:13:49Z,scheduled,485b295347cb22f002e014cb87813ed7,2026-09-29T23:10:00Z,Toronto Maple Leafs,Montréal Canadiens,betrivers,totals,Over,6.5,2.07
2026-09-03T07:13:49Z,scheduled,485b295347cb22f002e014cb87813ed7,2026-09-29T23:10:00Z,Toronto Maple Leafs,Montréal Canadiens,betrivers,totals,Under,6.5,1.74
2026-09-03T07:13:49Z,scheduled,ac3cb11040dbdb0d2ccfa53e7d6b6cda,2026-09-30T00:10:00Z,Boston Bruins,New York Rangers,draftkings,h2h,Boston Bruins,,1.74
2026-09-03T07:13:49Z,scheduled,ac3cb11040dbdb0d2ccfa53e7d6b6cda,2026-09-30T00:10:00Z,Boston Bruins,New York Rangers,draftkings,h2h,New York Rangers,,2.14
2026-09-03T07:13:49Z,scheduled,ac3cb11040dbdb0d2ccfa53e7d6b6cda,2026-09-30T00:10:00Z,Boston Bruins,New York Rangers,draftkings,spreads,Boston Bruins,-1.5,2.8
2026-09-03T07:13:49Z,scheduled,ac3cb11040dbdb0d2ccfa53e7d6b6cda,2026-09-30T00:10:00Z,Boston Bruins,New York Rangers,draftkings,spreads,New York Rangers,1.5,1.46
2026-09-03T07:13:49Z,scheduled,ac3cb11040dbdb0d2ccfa53e7d6b6cda,2026-09-30T00:10:00Z,Boston Bruins,New York Rangers,draftkings,totals,Over,5.5,1.83
2026-09-03T07:13:49Z,scheduled,ac3cb11040dbdb0d2ccfa53e7d6b6cda,2026-09-30T00:10:00Z,Boston Bruins,New York Rangers,draftkings,totals,Under,5.5,2.0
2026-09-03T07:13:49Z,scheduled,ac3cb11040dbdb0d2ccfa53e7d6b6cda,2026-09-30T00:10:00Z,Boston Bruins,New York Rangers,coolbet,h2h,Boston Bruins,,2.35
2026-09-03T07:13:49Z,scheduled,ac3cb11040dbdb0d2ccfa53e7d6b6cda,2026-09-30T00:10:00Z,Boston Bruins,New York Rangers,coolbet,h2h,New York Rangers,,2.63
2026-09-03T07:13:49Z,scheduled,ac3cb11040dbdb0d2ccfa53e7d6b6cda,2026-09-30T00:10:00Z,Boston Bruins,New York Rangers,coolbet,h2h,Draw,,4.05
2026-09-03T07:13:49Z,scheduled,ac3cb11040dbdb0d2ccfa53e7d6b6cda,2026-09-30T00:10:00Z,Boston Bruins,New York Rangers,coolbet,spreads,Boston Bruins,-1.5,3.03
2026-09-03T07:13:49Z,scheduled,ac3cb11040dbdb0d2ccfa53e7d6b6cda,2026-09-30T00:10:00Z,Boston Bruins,New York Rangers,coolbet,spreads,New York Rangers,1.5,1.39
2026-09-03T07:13:49Z,scheduled,ac3cb11040dbdb0d2ccfa53e7d6b6cda,2026-09-30T00:10:00Z,Boston Bruins,New York Rangers,betsson,h2h,Boston Bruins,,1.74
2026-09-03T07:13:49Z,scheduled,ac3cb11040dbdb0d2ccfa53e7d6b6cda,2026-09-30T00:10:00Z,Boston Bruins,New York Rangers,betsson,h2h,New York Rangers,,2.09
2026-09-03T07:13:49Z,scheduled,ac3cb11040dbdb0d2ccfa53e7d6b6cda,2026-09-30T00:10:00Z,Boston Bruins,New York Rangers,fanduel,h2h,Boston Bruins,,1.85
2026-09-03T07:13:49Z,scheduled,ac3cb11040dbdb0d2ccfa53e7d6b6cda,2026-09-30T00:10:00Z,Boston Bruins,New York Rangers,fanduel,h2h,New York Rangers,,1.98
2026-09-03T07:13:49Z,scheduled,ac3cb11040dbdb0d2ccfa53e7d6b6cda,2026-09-30T00:10:00Z,Boston Bruins,New York Rangers,fanduel,spreads,Boston Bruins,-1.5,2.94
2026-09-03T07:13:49Z,scheduled,ac3cb11040dbdb0d2ccfa53e7d6b6cda,2026-09-30T00:10:00Z,Boston Bruins,New York Rangers,fanduel,spreads,New York Rangers,1.5,1.41
2026-09-03T07:13:49Z,scheduled,ac3cb11040dbdb0d2ccfa53e7d6b6cda,2026-09-30T00:10:00Z,Boston Bruins,New York Rangers,fanduel,totals,Over,5.5,1.78
2026-09-03T07:13:49Z,scheduled,ac3cb11040dbdb0d2ccfa53e7d6b6cda,2026-09-30T00:10:00Z,Boston Bruins,New York Rangers,fanduel,totals,Under,5.5,2.04
2026-09-03T07:13:49Z,scheduled,ac3cb11040dbdb0d2ccfa53e7d6b6cda,2026-09-30T00:10:00Z,Boston Bruins,New York Rangers,betmgm,h2h,Boston Bruins,,1.74
2026-09-03T07:13:49Z,scheduled,ac3cb11040dbdb0d2ccfa53e7d6b6cda,2026-09-30T00:10:00Z,Boston Bruins,New York Rangers,betmgm,h2h,New York Rangers,,2.15
2026-09-03T07:13:49Z,scheduled,ac3cb11040dbdb0d2ccfa53e7d6b6cda,2026-09-30T00:10:00Z,Boston Bruins,New York Rangers,betmgm,spreads,Boston Bruins,-1.5,2.8
2026-09-03T07:13:49Z,scheduled,ac3cb11040dbdb0d2ccfa53e7d6b6cda,2026-09-30T00:10:00Z,Boston Bruins,New York Rangers,betmgm,spreads,New York Rangers,1.5,1.45
2026-09-03T07:13:49Z,scheduled,ac3cb11040dbdb0d2ccfa53e7d6b6cda,2026-09-30T00:10:00Z,Boston Bruins,New York Rangers,betmgm,totals,Over,5.5,1.83
2026-09-03T07:13:49Z,scheduled,ac3cb11040dbdb0d2ccfa53e7d6b6cda,2026-09-30T00:10:00Z,Boston Bruins,New York Rangers,betmgm,totals,Under,5.5,2.0
2026-09-03T07:13:49Z,scheduled,ac3cb11040dbdb0d2ccfa53e7d6b6cda,2026-09-30T00:10:00Z,Boston Bruins,New York Rangers,betrivers,h2h,Boston Bruins,,1.85
2026-09-03T07:13:49Z,scheduled,ac3cb11040dbdb0d2ccfa53e7d6b6cda,2026-09-30T00:10:00Z,Boston Bruins,New York Rangers,betrivers,h2h,New York Rangers,,1.97
2026-09-03T07:13:49Z,scheduled,ac3cb11040dbdb0d2ccfa53e7d6b6cda,2026-09-30T00:10:00Z,Boston Bruins,New York Rangers,betrivers,spreads,Boston Bruins,-1.5,3.05
2026-09-03T07:13:49Z,scheduled,ac3cb11040dbdb0d2ccfa53e7d6b6cda,2026-09-30T00:10:00Z,Boston Bruins,New York Rangers,betrivers,spreads,New York Rangers,1.5,1.36
2026-09-03T07:13:49Z,scheduled,ac3cb11040dbdb0d2ccfa53e7d6b6cda,2026-09-30T00:10:00Z,Boston Bruins,New York Rangers,betrivers,totals,Over,5.5,1.77
2026-09-03T07:13:49Z,scheduled,ac3cb11040dbdb0d2ccfa53e7d6b6cda,2026-09-30T00:10:00Z,Boston Bruins,New York Rangers,betrivers,totals,Under,5.5,2.02
2026-09-03T07:13:49Z,scheduled,82c96670ad269b3647066b5e5032e0fd,2026-09-30T02:10:00Z,Edmonton Oilers,Vancouver Canucks,draftkings,h2h,Edmonton Oilers,,1.38
2026-09-03T07:13:49Z,scheduled,82c96670ad269b3647066b5e5032e0fd,2026-09-30T02:10:00Z,Edmonton Oilers,Vancouver Canucks,draftkings,h2h,Vancouver Canucks,,3.15
2026-09-03T07:13:49Z,scheduled,82c96670ad269b3647066b5e5032e0fd,2026-09-30T02:10:00Z,Edmonton Oilers,Vancouver Canucks,draftkings,spreads,Edmonton Oilers,-1.5,1.87
2026-09-03T07:13:49Z,scheduled,82c96670ad269b3647066b5e5032e0fd,2026-09-30T02:10:00Z,Edmonton Oilers,Vancouver Canucks,draftkings,spreads,Vancouver Canucks,1.5,1.95
2026-09-03T07:13:49Z,scheduled,82c96670ad269b3647066b5e5032e0fd,2026-09-30T02:10:00Z,Edmonton Oilers,Vancouver Canucks,draftkings,totals,Over,6.5,1.91
2026-09-03T07:13:49Z,scheduled,82c96670ad269b3647066b5e5032e0fd,2026-09-30T02:10:00Z,Edmonton Oilers,Vancouver Canucks,draftkings,totals,Under,6.5,1.91
2026-09-03T07:13:49Z,scheduled,82c96670ad269b3647066b5e5032e0fd,2026-09-30T02:10:00Z,Edmonton Oilers,Vancouver Canucks,coolbet,h2h,Edmonton Oilers,,1.6
2026-09-03T07:13:49Z,scheduled,82c96670ad269b3647066b5e5032e0fd,2026-09-30T02:10:00Z,Edmonton Oilers,Vancouver Canucks,coolbet,h2h,Vancouver Canucks,,4.8
2026-09-03T07:13:49Z,scheduled,82c96670ad269b3647066b5e5032e0fd,2026-09-30T02:10:00Z,Edmonton Oilers,Vancouver Canucks,coolbet,h2h,Draw,,4.7
2026-09-03T07:13:49Z,scheduled,82c96670ad269b3647066b5e5032e0fd,2026-09-30T02:10:00Z,Edmonton Oilers,Vancouver Canucks,coolbet,spreads,Edmonton Oilers,-1.5,1.91
2026-09-03T07:13:49Z,scheduled,82c96670ad269b3647066b5e5032e0fd,2026-09-30T02:10:00Z,Edmonton Oilers,Vancouver Canucks,coolbet,spreads,Vancouver Canucks,1.5,1.91
2026-09-03T07:13:49Z,scheduled,82c96670ad269b3647066b5e5032e0fd,2026-09-30T02:10:00Z,Edmonton Oilers,Vancouver Canucks,betsson,h2h,Edmonton Oilers,,1.41
2026-09-03T07:13:49Z,scheduled,82c96670ad269b3647066b5e5032e0fd,2026-09-30T02:10:00Z,Edmonton Oilers,Vancouver Canucks,betsson,h2h,Vancouver Canucks,,2.92
2026-09-03T07:13:49Z,scheduled,82c96670ad269b3647066b5e5032e0fd,2026-09-30T02:10:00Z,Edmonton Oilers,Vancouver Canucks,fanduel,h2h,Edmonton Oilers,,1.36
2026-09-03T07:13:49Z,scheduled,82c96670ad269b3647066b5e5032e0fd,2026-09-30T02:10:00Z,Edmonton Oilers,Vancouver Canucks,fanduel,h2h,Vancouver Canucks,,3.25
2026-09-03T07:13:49Z,scheduled,82c96670ad269b3647066b5e5032e0fd,2026-09-30T02:10:00Z,Edmonton Oilers,Vancouver Canucks,fanduel,spreads,Edmonton Oilers,-1.5,1.89
2026-09-03T07:13:49Z,scheduled,82c96670ad269b3647066b5e5032e0fd,2026-09-30T02:10:00Z,Edmonton Oilers,Vancouver Canucks,fanduel,spreads,Vancouver Canucks,1.5,1.93
2026-09-03T07:13:49Z,scheduled,82c96670ad269b3647066b5e5032e0fd,2026-09-30T02:10:00Z,Edmonton Oilers,Vancouver Canucks,fanduel,totals,Over,6.5,1.93
2026-09-03T07:13:49Z,scheduled,82c96670ad269b3647066b5e5032e0fd,2026-09-30T02:10:00Z,Edmonton Oilers,Vancouver Canucks,fanduel,totals,Under,6.5,1.89
2026-09-03T07:13:49Z,scheduled,82c96670ad269b3647066b5e5032e0fd,2026-09-30T02:10:00Z,Edmonton Oilers,Vancouver Canucks,betmgm,h2h,Edmonton Oilers,,1.35
2026-09-03T07:13:49Z,scheduled,82c96670ad269b3647066b5e5032e0fd,2026-09-30T02:10:00Z,Edmonton Oilers,Vancouver Canucks,betmgm,h2h,Vancouver Canucks,,3.3
2026-09-03T07:13:49Z,scheduled,82c96670ad269b3647066b5e5032e0fd,2026-09-30T02:10:00Z,Edmonton Oilers,Vancouver Canucks,betmgm,spreads,Edmonton Oilers,-1.5,1.87
2026-09-03T07:13:49Z,scheduled,82c96670ad269b3647066b5e5032e0fd,2026-09-30T02:10:00Z,Edmonton Oilers,Vancouver Canucks,betmgm,spreads,Vancouver Canucks,1.5,1.95
2026-09-03T07:13:49Z,scheduled,82c96670ad269b3647066b5e5032e0fd,2026-09-30T02:10:00Z,Edmonton Oilers,Vancouver Canucks,betmgm,totals,Over,6.5,1.91
2026-09-03T07:13:49Z,scheduled,82c96670ad269b3647066b5e5032e0fd,2026-09-30T02:10:00Z,Edmonton Oilers,Vancouver Canucks,betmgm,totals,Under,6.5,1.91
2026-09-03T07:13:49Z,scheduled,82c96670ad269b3647066b5e5032e0fd,2026-09-30T02:10:00Z,Edmonton Oilers,Vancouver Canucks,betrivers,h2h,Edmonton Oilers,,1.32
2026-09-03T07:13:49Z,scheduled,82c96670ad269b3647066b5e5032e0fd,2026-09-30T02:10:00Z,Edmonton Oilers,Vancouver Canucks,betrivers,h2h,Vancouver Canucks,,3.45
2026-09-03T07:13:49Z,scheduled,82c96670ad269b3647066b5e5032e0fd,2026-09-30T02:10:00Z,Edmonton Oilers,Vancouver Canucks,betrivers,spreads,Edmonton Oilers,-1.5,1.88
2026-09-03T07:13:49Z,scheduled,82c96670ad269b3647066b5e5032e0fd,2026-09-30T02:10:00Z,Edmonton Oilers,Vancouver Canucks,betrivers,spreads,Vancouver Canucks,1.5,1.89
2026-09-03T07:13:49Z,scheduled,82c96670ad269b3647066b5e5032e0fd,2026-09-30T02:10:00Z,Edmonton Oilers,Vancouver Canucks,betrivers,totals,Over,6.5,1.88
2026-09-03T07:13:49Z,scheduled,82c96670ad269b3647066b5e5032e0fd,2026-09-30T02:10:00Z,Edmonton Oilers,Vancouver Canucks,betrivers,totals,Under,6.5,1.89
2026-09-03T07:13:49Z,scheduled,deceabd9bfa9fdbfb352546844ecee9b,2026-09-30T02:40:00Z,Vegas Golden Knights,Chicago Blackhawks,draftkings,h2h,Chicago Blackhawks,,3.05
2026-09-03T07:13:49Z,scheduled,deceabd9bfa9fdbfb352546844ecee9b,2026-09-30T02:40:00Z,Vegas Golden Knights,Chicago Blackhawks,draftkings,h2h,Vegas Golden Knights,,1.4
2026-09-03T07:13:49Z,scheduled,deceabd9bfa9fdbfb352546844ecee9b,2026-09-30T02:40:00Z,Vegas Golden Knights,Chicago Blackhawks,draftkings,spreads,Chicago Blackhawks,1.5,1.8
2026-09-03T07:13:49Z,scheduled,deceabd9bfa9fdbfb352546844ecee9b,2026-09-30T02:40:00Z,Vegas Golden Knights,Chicago Blackhawks,draftkings,spreads,Vegas Golden Knights,-1.5,2.05
2026-09-03T07:13:49Z,scheduled,deceabd9bfa9fdbfb352546844ecee9b,2026-09-30T02:40:00Z,Vegas Golden Knights,Chicago Blackhawks,draftkings,totals,Over,5.5,1.8
2026-09-03T07:13:49Z,scheduled,deceabd9bfa9fdbfb352546844ecee9b,2026-09-30T02:40:00Z,Vegas Golden Knights,Chicago Blackhawks,draftkings,totals,Under,5.5,2.05
2026-09-03T07:13:49Z,scheduled,deceabd9bfa9fdbfb352546844ecee9b,2026-09-30T02:40:00Z,Vegas Golden Knights,Chicago Blackhawks,coolbet,h2h,Chicago Blackhawks,,4.4
2026-09-03T07:13:49Z,scheduled,deceabd9bfa9fdbfb352546844ecee9b,2026-09-30T02:40:00Z,Vegas Golden Knights,Chicago Blackhawks,coolbet,h2h,Vegas Golden Knights,,1.67
2026-09-03T07:13:49Z,scheduled,deceabd9bfa9fdbfb352546844ecee9b,2026-09-30T02:40:00Z,Vegas Golden Knights,Chicago Blackhawks,coolbet,h2h,Draw,,4.5
2026-09-03T07:13:49Z,scheduled,deceabd9bfa9fdbfb352546844ecee9b,2026-09-30T02:40:00Z,Vegas Golden Knights,Chicago Blackhawks,coolbet,spreads,Chicago Blackhawks,1.5,1.82
2026-09-03T07:13:49Z,scheduled,deceabd9bfa9fdbfb352546844ecee9b,2026-09-30T02:40:00Z,Vegas Golden Knights,Chicago Blackhawks,coolbet,spreads,Vegas Golden Knights,-1.5,2.0
2026-09-03T07:13:49Z,scheduled,deceabd9bfa9fdbfb352546844ecee9b,2026-09-30T02:40:00Z,Vegas Golden Knights,Chicago Blackhawks,betsson,h2h,Chicago Blackhawks,,2.92
2026-09-03T07:13:49Z,scheduled,deceabd9bfa9fdbfb352546844ecee9b,2026-09-30T02:40:00Z,Vegas Golden Knights,Chicago Blackhawks,betsson,h2h,Vegas Golden Knights,,1.41
2026-09-03T07:13:49Z,scheduled,deceabd9bfa9fdbfb352546844ecee9b,2026-09-30T02:40:00Z,Vegas Golden Knights,Chicago Blackhawks,fanduel,h2h,Chicago Blackhawks,,3.2
2026-09-03T07:13:49Z,scheduled,deceabd9bfa9fdbfb352546844ecee9b,2026-09-30T02:40:00Z,Vegas Golden Knights,Chicago Blackhawks,fanduel,h2h,Vegas Golden Knights,,1.36
2026-09-03T07:13:49Z,scheduled,deceabd9bfa9fdbfb352546844ecee9b,2026-09-30T02:40:00Z,Vegas Golden Knights,Chicago Blackhawks,fanduel,spreads,Chicago Blackhawks,1.5,1.89
2026-09-03T07:13:49Z,scheduled,deceabd9bfa9fdbfb352546844ecee9b,2026-09-30T02:40:00Z,Vegas Golden Knights,Chicago Blackhawks,fanduel,spreads,Vegas Golden Knights,-1.5,1.93
2026-09-03T07:13:49Z,scheduled,deceabd9bfa9fdbfb352546844ecee9b,2026-09-30T02:40:00Z,Vegas Golden Knights,Chicago Blackhawks,fanduel,totals,Over,5.5,1.78
2026-09-03T07:13:49Z,scheduled,deceabd9bfa9fdbfb352546844ecee9b,2026-09-30T02:40:00Z,Vegas Golden Knights,Chicago Blackhawks,fanduel,totals,Under,5.5,2.04
2026-09-03T07:13:49Z,scheduled,deceabd9bfa9fdbfb352546844ecee9b,2026-09-30T02:40:00Z,Vegas Golden Knights,Chicago Blackhawks,betmgm,h2h,Chicago Blackhawks,,3.2
2026-09-03T07:13:49Z,scheduled,deceabd9bfa9fdbfb352546844ecee9b,2026-09-30T02:40:00Z,Vegas Golden Knights,Chicago Blackhawks,betmgm,h2h,Vegas Golden Knights,,1.36
2026-09-03T07:13:49Z,scheduled,deceabd9bfa9fdbfb352546844ecee9b,2026-09-30T02:40:00Z,Vegas Golden Knights,Chicago Blackhawks,betmgm,spreads,Chicago Blackhawks,1.5,1.87
2026-09-03T07:13:49Z,scheduled,deceabd9bfa9fdbfb352546844ecee9b,2026-09-30T02:40:00Z,Vegas Golden Knights,Chicago Blackhawks,betmgm,spreads,Vegas Golden Knights,-1.5,1.95
2026-09-03T07:13:49Z,scheduled,deceabd9bfa9fdbfb352546844ecee9b,2026-09-30T02:40:00Z,Vegas Golden Knights,Chicago Blackhawks,betmgm,totals,Over,6.0,2.0
2026-09-03T07:13:49Z,scheduled,deceabd9bfa9fdbfb352546844ecee9b,2026-09-30T02:40:00Z,Vegas Golden Knights,Chicago Blackhawks,betmgm,totals,Under,6.0,1.83
2026-09-03T07:13:49Z,scheduled,deceabd9bfa9fdbfb352546844ecee9b,2026-09-30T02:40:00Z,Vegas Golden Knights,Chicago Blackhawks,betrivers,h2h,Chicago Blackhawks,,3.1
2026-09-03T07:13:49Z,scheduled,deceabd9bfa9fdbfb352546844ecee9b,2026-09-30T02:40:00Z,Vegas Golden Knights,Chicago Blackhawks,betrivers,h2h,Vegas Golden Knights,,1.38
2026-09-03T07:13:49Z,scheduled,deceabd9bfa9fdbfb352546844ecee9b,2026-09-30T02:40:00Z,Vegas Golden Knights,Chicago Blackhawks,betrivers,spreads,Chicago Blackhawks,1.5,1.78
2026-09-03T07:13:49Z,scheduled,deceabd9bfa9fdbfb352546844ecee9b,2026-09-30T02:40:00Z,Vegas Golden Knights,Chicago Blackhawks,betrivers,spreads,Vegas Golden Knights,-1.5,2.02
2026-09-03T07:13:49Z,scheduled,deceabd9bfa9fdbfb352546844ecee9b,2026-09-30T02:40:00Z,Vegas Golden Knights,Chicago Blackhawks,betrivers,totals,Over,5.5,1.74
2026-09-03T07:13:49Z,scheduled,deceabd9bfa9fdbfb352546844ecee9b,2026-09-30T02:40:00Z,Vegas Golden Knights,Chicago Blackhawks,betrivers,totals,Under,5.5,2.07
2026-09-03T07:13:49Z,scheduled,255dd8cc841121349fe98f49791da840,2026-09-30T23:40:00Z,Philadelphia Flyers,Pittsburgh Penguins,draftkings,h2h,Philadelphia Flyers,,1.74
2026-09-03T07:13:49Z,scheduled,255dd8cc841121349fe98f49791da840,2026-09-30T23:40:00Z,Philadelphia Flyers,Pittsburgh Penguins,draftkings,h2h,Pittsburgh Penguins,,2.14
2026-09-03T07:13:49Z,scheduled,255dd8cc841121349fe98f49791da840,2026-09-30T23:40:00Z,Philadelphia Flyers,Pittsburgh Penguins,draftkings,spreads,Philadelphia Flyers,-1.5,2.8
2026-09-03T07:13:49Z,scheduled,255dd8cc841121349fe98f49791da840,2026-09-30T23:40:00Z,Philadelphia Flyers,Pittsburgh Penguins,draftkings,spreads,Pittsburgh Penguins,1.5,1.46
2026-09-03T07:13:49Z,scheduled,255dd8cc841121349fe98f49791da840,2026-09-30T23:40:00Z,Philadelphia Flyers,Pittsburgh Penguins,draftkings,totals,Over,5.5,1.8
2026-09-03T07:13:49Z,scheduled,255dd8cc841121349fe98f49791da840,2026-09-30T23:40:00Z,Philadelphia Flyers,Pittsburgh Penguins,draftkings,totals,Under,5.5,2.05
2026-09-03T07:13:49Z,scheduled,255dd8cc841121349fe98f49791da840,2026-09-30T23:40:00Z,Philadelphia Flyers,Pittsburgh Penguins,coolbet,h2h,Philadelphia Flyers,,2.2
2026-09-03T07:13:49Z,scheduled,255dd8cc841121349fe98f49791da840,2026-09-30T23:40:00Z,Philadelphia Flyers,Pittsburgh Penguins,coolbet,h2h,Pittsburgh Penguins,,2.75
2026-09-03T07:13:49Z,scheduled,255dd8cc841121349fe98f49791da840,2026-09-30T23:40:00Z,Philadelphia Flyers,Pittsburgh Penguins,coolbet,h2h,Draw,,4.3
2026-09-03T07:13:49Z,scheduled,255dd8cc841121349fe98f49791da840,2026-09-30T23:40:00Z,Philadelphia Flyers,Pittsburgh Penguins,coolbet,spreads,Philadelphia Flyers,-1.5,2.8
2026-09-03T07:13:49Z,scheduled,255dd8cc841121349fe98f49791da840,2026-09-30T23:40:00Z,Philadelphia Flyers,Pittsburgh Penguins,coolbet,spreads,Pittsburgh Penguins,1.5,1.44
2026-09-03T07:13:49Z,scheduled,255dd8cc841121349fe98f49791da840,2026-09-30T23:40:00Z,Philadelphia Flyers,Pittsburgh Penguins,betsson,h2h,Philadelphia Flyers,,1.74
2026-09-03T07:13:49Z,scheduled,255dd8cc841121349fe98f49791da840,2026-09-30T23:40:00Z,Philadelphia Flyers,Pittsburgh Penguins,betsson,h2h,Pittsburgh Penguins,,2.09
2026-09-03T07:13:49Z,scheduled,255dd8cc841121349fe98f49791da840,2026-09-30T23:40:00Z,Philadelphia Flyers,Pittsburgh Penguins,betrivers,h2h,Philadelphia Flyers,,1.73
2026-09-03T07:13:49Z,scheduled,255dd8cc841121349fe98f49791da840,2026-09-30T23:40:00Z,Philadelphia Flyers,Pittsburgh Penguins,betrivers,h2h,Pittsburgh Penguins,,2.14
2026-09-03T07:13:49Z,scheduled,255dd8cc841121349fe98f49791da840,2026-09-30T23:40:00Z,Philadelphia Flyers,Pittsburgh Penguins,betrivers,spreads,Philadelphia Flyers,-1.5,2.75
2026-09-03T07:13:49Z,scheduled,255dd8cc841121349fe98f49791da840,2026-09-30T23:40:00Z,Philadelphia Flyers,Pittsburgh Penguins,betrivers,spreads,Pittsburgh Penguins,1.5,1.43
2026-09-03T07:13:49Z,scheduled,255dd8cc841121349fe98f49791da840,2026-09-30T23:40:00Z,Philadelphia Flyers,Pittsburgh Penguins,betrivers,totals,Over,5.5,1.77
2026-09-03T07:13:49Z,scheduled,255dd8cc841121349fe98f49791da840,2026-09-30T23:40:00Z,Philadelphia Flyers,Pittsburgh Penguins,betrivers,totals,Under,5.5,2.02
2026-09-03T07:13:49Z,scheduled,13520f2d7e050ef0f37b2c8ba7ff4a53,2026-10-01T02:10:00Z,Colorado Avalanche,Los Angeles Kings,draftkings,h2h,Colorado Avalanche,,1.56
2026-09-03T07:13:49Z,scheduled,13520f2d7e050ef0f37b2c8ba7ff4a53,2026-10-01T02:10:00Z,Colorado Avalanche,Los Angeles Kings,draftkings,h2h,Los Angeles Kings,,2.5
2026-09-03T07:13:49Z,scheduled,13520f2d7e050ef0f37b2c8ba7ff4a53,2026-10-01T02:10:00Z,Colorado Avalanche,Los Angeles Kings,draftkings,spreads,Colorado Avalanche,-1.5,2.36
2026-09-03T07:13:49Z,scheduled,13520f2d7e050ef0f37b2c8ba7ff4a53,2026-10-01T02:10:00Z,Colorado Avalanche,Los Angeles Kings,draftkings,spreads,Los Angeles Kings,1.5,1.62
2026-09-03T07:13:49Z,scheduled,13520f2d7e050ef0f37b2c8ba7ff4a53,2026-10-01T02:10:00Z,Colorado Avalanche,Los Angeles Kings,draftkings,totals,Over,5.5,1.85
2026-09-03T07:13:49Z,scheduled,13520f2d7e050ef0f37b2c8ba7ff4a53,2026-10-01T02:10:00Z,Colorado Avalanche,Los Angeles Kings,draftkings,totals,Under,5.5,1.98
2026-09-03T07:13:49Z,scheduled,13520f2d7e050ef0f37b2c8ba7ff4a53,2026-10-01T02:10:00Z,Colorado Avalanche,Los Angeles Kings,coolbet,h2h,Colorado Avalanche,,1.94
2026-09-03T07:13:49Z,scheduled,13520f2d7e050ef0f37b2c8ba7ff4a53,2026-10-01T02:10:00Z,Colorado Avalanche,Los Angeles Kings,coolbet,h2h,Los Angeles Kings,,3.25
2026-09-03T07:13:49Z,scheduled,13520f2d7e050ef0f37b2c8ba7ff4a53,2026-10-01T02:10:00Z,Colorado Avalanche,Los Angeles Kings,coolbet,h2h,Draw,,4.4
2026-09-03T07:13:49Z,scheduled,13520f2d7e050ef0f37b2c8ba7ff4a53,2026-10-01T02:10:00Z,Colorado Avalanche,Los Angeles Kings,coolbet,spreads,Colorado Avalanche,-1.5,2.42
2026-09-03T07:13:49Z,scheduled,13520f2d7e050ef0f37b2c8ba7ff4a53,2026-10-01T02:10:00Z,Colorado Avalanche,Los Angeles Kings,coolbet,spreads,Los Angeles Kings,1.5,1.57
2026-09-03T07:13:49Z,scheduled,13520f2d7e050ef0f37b2c8ba7ff4a53,2026-10-01T02:10:00Z,Colorado Avalanche,Los Angeles Kings,betsson,h2h,Colorado Avalanche,,1.55
2026-09-03T07:13:49Z,scheduled,13520f2d7e050ef0f37b2c8ba7ff4a53,2026-10-01T02:10:00Z,Colorado Avalanche,Los Angeles Kings,betsson,h2h,Los Angeles Kings,,2.46
2026-09-03T07:13:49Z,scheduled,13520f2d7e050ef0f37b2c8ba7ff4a53,2026-10-01T02:10:00Z,Colorado Avalanche,Los Angeles Kings,betrivers,h2h,Colorado Avalanche,,1.6
2026-09-03T07:13:49Z,scheduled,13520f2d7e050ef0f37b2c8ba7ff4a53,2026-10-01T02:10:00Z,Colorado Avalanche,Los Angeles Kings,betrivers,h2h,Los Angeles Kings,,2.4
2026-09-03T07:13:49Z,scheduled,13520f2d7e050ef0f37b2c8ba7ff4a53,2026-10-01T02:10:00Z,Colorado Avalanche,Los Angeles Kings,betrivers,spreads,Colorado Avalanche,-1.5,2.43
2026-09-03T07:13:49Z,scheduled,13520f2d7e050ef0f37b2c8ba7ff4a53,2026-10-01T02:10:00Z,Colorado Avalanche,Los Angeles Kings,betrivers,spreads,Los Angeles Kings,1.5,1.55
2026-09-03T07:13:49Z,scheduled,13520f2d7e050ef0f37b2c8ba7ff4a53,2026-10-01T02:10:00Z,Colorado Avalanche,Los Angeles Kings,betrivers,totals,Over,5.5,1.82
2026-09-03T07:13:49Z,scheduled,13520f2d7e050ef0f37b2c8ba7ff4a53,2026-10-01T02:10:00Z,Colorado Avalanche,Los Angeles Kings,betrivers,totals,Under,5.5,1.95
2026-09-03T07:13:49Z,scheduled,4cfafb524b2107d73365ce0709b59dd8,2026-10-01T23:10:00Z,Columbus Blue Jackets,Buffalo Sabres,draftkings,h2h,Buffalo Sabres,,1.91
2026-09-03T07:13:49Z,scheduled,4cfafb524b2107d73365ce0709b59dd8,2026-10-01T23:10:00Z,Columbus Blue Jackets,Buffalo Sabres,draftkings,h2h,Columbus Blue Jackets,,1.91
2026-09-03T07:13:49Z,scheduled,4cfafb524b2107d73365ce0709b59dd8,2026-10-01T23:10:00Z,Columbus Blue Jackets,Buffalo Sabres,draftkings,spreads,Buffalo Sabres,1.5,1.4
2026-09-03T07:13:49Z,scheduled,4cfafb524b2107d73365ce0709b59dd8,2026-10-01T23:10:00Z,Columbus Blue Jackets,Buffalo Sabres,draftkings,spreads,Columbus Blue Jackets,-1.5,3.05
2026-09-03T07:13:49Z,scheduled,4cfafb524b2107d73365ce0709b59dd8,2026-10-01T23:10:00Z,Columbus Blue Jackets,Buffalo Sabres,draftkings,totals,Over,5.5,1.74
2026-09-03T07:13:49Z,scheduled,4cfafb524b2107d73365ce0709b59dd8,2026-10-01T23:10:00Z,Columbus Blue Jackets,Buffalo Sabres,draftkings,totals,Under,5.5,2.14
2026-09-03T07:13:49Z,scheduled,4cfafb524b2107d73365ce0709b59dd8,2026-10-01T23:10:00Z,Columbus Blue Jackets,Buffalo Sabres,betsson,h2h,Buffalo Sabres,,1.9
2026-09-03T07:13:49Z,scheduled,4cfafb524b2107d73365ce0709b59dd8,2026-10-01T23:10:00Z,Columbus Blue Jackets,Buffalo Sabres,betsson,h2h,Columbus Blue Jackets,,1.9
2026-09-03T07:13:49Z,scheduled,adafb8ad64a5e4413184d98e9c06820d,2026-10-01T23:10:00Z,New Jersey Devils,Philadelphia Flyers,draftkings,h2h,New Jersey Devils,,1.7
2026-09-03T07:13:49Z,scheduled,adafb8ad64a5e4413184d98e9c06820d,2026-10-01T23:10:00Z,New Jersey Devils,Philadelphia Flyers,draftkings,h2h,Philadelphia Flyers,,2.2
2026-09-03T07:13:49Z,scheduled,adafb8ad64a5e4413184d98e9c06820d,2026-10-01T23:10:00Z,New Jersey Devils,Philadelphia Flyers,draftkings,spreads,New Jersey Devils,-1.5,2.7
2026-09-03T07:13:49Z,scheduled,adafb8ad64a5e4413184d98e9c06820d,2026-10-01T23:10:00Z,New Jersey Devils,Philadelphia Flyers,draftkings,spreads,Philadelphia Flyers,1.5,1.49
2026-09-03T07:13:49Z,scheduled,adafb8ad64a5e4413184d98e9c06820d,2026-10-01T23:10:00Z,New Jersey Devils,Philadelphia Flyers,draftkings,totals,Over,5.5,1.83
2026-09-03T07:13:49Z,scheduled,adafb8ad64a5e4413184d98e9c06820d,2026-10-01T23:10:00Z,New Jersey Devils,Philadelphia Flyers,draftkings,totals,Under,5.5,2.0
2026-09-03T07:13:49Z,scheduled,adafb8ad64a5e4413184d98e9c06820d,2026-10-01T23:10:00Z,New Jersey Devils,Philadelphia Flyers,betsson,h2h,New Jersey Devils,,1.68
2026-09-03T07:13:49Z,scheduled,adafb8ad64a5e4413184d98e9c06820d,2026-10-01T23:10:00Z,New Jersey Devils,Philadelphia Flyers,betsson,h2h,Philadelphia Flyers,,2.19
2026-09-03T07:13:49Z,scheduled,d0da884cccf9d1c73f498109c9ccbfa5,2026-10-01T23:10:00Z,New York Rangers,Tampa Bay Lightning,draftkings,h2h,New York Rangers,,2.2
2026-09-03T07:13:49Z,scheduled,d0da884cccf9d1c73f498109c9ccbfa5,2026-10-01T23:10:00Z,New York Rangers,Tampa Bay Lightning,draftkings,h2h,Tampa Bay Lightning,,1.7
2026-09-03T07:13:49Z,scheduled,d0da884cccf9d1c73f498109c9ccbfa5,2026-10-01T23:10:00Z,New York Rangers,Tampa Bay Lightning,draftkings,spreads,New York Rangers,1.5,1.46
2026-09-03T07:13:49Z,scheduled,d0da884cccf9d1c73f498109c9ccbfa5,2026-10-01T23:10:00Z,New York Rangers,Tampa Bay Lightning,draftkings,spreads,Tampa Bay Lightning,-1.5,2.8
2026-09-03T07:13:49Z,scheduled,d0da884cccf9d1c73f498109c9ccbfa5,2026-10-01T23:10:00Z,New York Rangers,Tampa Bay Lightning,draftkings,totals,Over,5.5,1.77
2026-09-03T07:13:49Z,scheduled,d0da884cccf9d1c73f498109c9ccbfa5,2026-10-01T23:10:00Z,New York Rangers,Tampa Bay Lightning,draftkings,totals,Under,5.5,2.1
2026-09-03T07:13:49Z,scheduled,d0da884cccf9d1c73f498109c9ccbfa5,2026-10-01T23:10:00Z,New York Rangers,Tampa Bay Lightning,betsson,h2h,New York Rangers,,2.14
2026-09-03T07:13:49Z,scheduled,d0da884cccf9d1c73f498109c9ccbfa5,2026-10-01T23:10:00Z,New York Rangers,Tampa Bay Lightning,betsson,h2h,Tampa Bay Lightning,,1.71
2026-09-03T07:13:49Z,scheduled,d7ee30a18a428cc3a3f08a82b0c482d4,2026-10-02T00:10:00Z,Nashville Predators,Minnesota Wild,draftkings,h2h,Minnesota Wild,,1.68
2026-09-03T07:13:49Z,scheduled,d7ee30a18a428cc3a3f08a82b0c482d4,2026-10-02T00:10:00Z,Nashville Predators,Minnesota Wild,draftkings,h2h,Nashville Predators,,2.24
2026-09-03T07:13:49Z,scheduled,d7ee30a18a428cc3a3f08a82b0c482d4,2026-10-02T00:10:00Z,Nashville Predators,Minnesota Wild,draftkings,spreads,Minnesota Wild,-1.5,2.7
2026-09-03T07:13:49Z,scheduled,d7ee30a18a428cc3a3f08a82b0c482d4,2026-10-02T00:10:00Z,Nashville Predators,Minnesota Wild,draftkings,spreads,Nashville Predators,1.5,1.49
2026-09-03T07:13:49Z,scheduled,d7ee30a18a428cc3a3f08a82b0c482d4,2026-10-02T00:10:00Z,Nashville Predators,Minnesota Wild,draftkings,totals,Over,6.5,2.1
2026-09-03T07:13:49Z,scheduled,d7ee30a18a428cc3a3f08a82b0c482d4,2026-10-02T00:10:00Z,Nashville Predators,Minnesota Wild,draftkings,totals,Under,6.5,1.77
2026-09-03T07:13:49Z,scheduled,d7ee30a18a428cc3a3f08a82b0c482d4,2026-10-02T00:10:00Z,Nashville Predators,Minnesota Wild,betsson,h2h,Minnesota Wild,,1.68
2026-09-03T07:13:49Z,scheduled,d7ee30a18a428cc3a3f08a82b0c482d4,2026-10-02T00:10:00Z,Nashville Predators,Minnesota Wild,betsson,h2h,Nashville Predators,,2.19
2026-09-03T07:13:49Z,scheduled,d120fca986fb8752c71db9002a8dd1b7,2026-10-02T01:10:00Z,Calgary Flames,Seattle Kraken,draftkings,h2h,Calgary Flames,,1.87
2026-09-03T07:13:49Z,scheduled,d120fca986fb8752c71db9002a8dd1b7,2026-10-02T01:10:00Z,Calgary Flames,Seattle Kraken,draftkings,h2h,Seattle Kraken,,1.95
2026-09-03T07:13:49Z,scheduled,d120fca986fb8752c71db9002a8dd1b7,2026-10-02T01:10:00Z,Calgary Flames,Seattle Kraken,draftkings,spreads,Calgary Flames,-1.5,3.1
2026-09-03T07:13:49Z,scheduled,d120fca986fb8752c71db9002a8dd1b7,2026-10-02T01:10:00Z,Calgary Flames,Seattle Kraken,draftkings,spreads,Seattle Kraken,1.5,1.39
2026-09-03T07:13:49Z,scheduled,d120fca986fb8752c71db9002a8dd1b7,2026-10-02T01:10:00Z,Calgary Flames,Seattle Kraken,draftkings,totals,Over,5.5,1.91
2026-09-03T07:13:49Z,scheduled,d120fca986fb8752c71db9002a8dd1b7,2026-10-02T01:10:00Z,Calgary Flames,Seattle Kraken,draftkings,totals,Under,5.5,1.91
2026-09-03T07:13:49Z,scheduled,d120fca986fb8752c71db9002a8dd1b7,2026-10-02T01:10:00Z,Calgary Flames,Seattle Kraken,betsson,h2h,Calgary Flames,,1.9
2026-09-03T07:13:49Z,scheduled,d120fca986fb8752c71db9002a8dd1b7,2026-10-02T01:10:00Z,Calgary Flames,Seattle Kraken,betsson,h2h,Seattle Kraken,,1.9
2026-09-03T07:13:49Z,scheduled,4d301bd0ac75067598d134600a80918c,2026-10-02T01:10:00Z,Utah Mammoth,Chicago Blackhawks,draftkings,h2h,Chicago Blackhawks,,2.64
2026-09-03T07:13:49Z,scheduled,4d301bd0ac75067598d134600a80918c,2026-10-02T01:10:00Z,Utah Mammoth,Chicago Blackhawks,draftkings,h2h,Utah Mammoth,,1.51
2026-09-03T07:13:49Z,scheduled,4d301bd0ac75067598d134600a80918c,2026-10-02T01:10:00Z,Utah Mammoth,Chicago Blackhawks,draftkings,spreads,Chicago Blackhawks,1.5,1.68
2026-09-03T07:13:49Z,scheduled,4d301bd0ac75067598d134600a80918c,2026-10-02T01:10:00Z,Utah Mammoth,Chicago Blackhawks,draftkings,spreads,Utah Mammoth,-1.5,2.24
2026-09-03T07:13:49Z,scheduled,4d301bd0ac75067598d134600a80918c,2026-10-02T01:10:00Z,Utah Mammoth,Chicago Blackhawks,draftkings,totals,Over,5.5,1.87
2026-09-03T07:13:49Z,scheduled,4d301bd0ac75067598d134600a80918c,2026-10-02T01:10:00Z,Utah Mammoth,Chicago Blackhawks,draftkings,totals,Under,5.5,1.95
2026-09-03T07:13:49Z,scheduled,4d301bd0ac75067598d134600a80918c,2026-10-02T01:10:00Z,Utah Mammoth,Chicago Blackhawks,betsson,h2h,Chicago Blackhawks,,2.72
2026-09-03T07:13:49Z,scheduled,4d301bd0ac75067598d134600a80918c,2026-10-02T01:10:00Z,Utah Mammoth,Chicago Blackhawks,betsson,h2h,Utah Mammoth,,1.46
2026-09-03T07:13:49Z,scheduled,fd5a73a467bdf52881aac58d5fb71b58,2026-10-02T02:10:00Z,Vancouver Canucks,Edmonton Oilers,draftkings,h2h,Edmonton Oilers,,1.51
2026-09-03T07:13:49Z,scheduled,fd5a73a467bdf52881aac58d5fb71b58,2026-10-02T02:10:00Z,Vancouver Canucks,Edmonton Oilers,draftkings,h2h,Vancouver Canucks,,2.64
2026-09-03T07:13:49Z,scheduled,fd5a73a467bdf52881aac58d5fb71b58,2026-10-02T02:10:00Z,Vancouver Canucks,Edmonton Oilers,draftkings,spreads,Edmonton Oilers,-1.5,2.2
2026-09-03T07:13:49Z,scheduled,fd5a73a467bdf52881aac58d5fb71b58,2026-10-02T02:10:00Z,Vancouver Canucks,Edmonton Oilers,draftkings,spreads,Vancouver Canucks,1.5,1.7
2026-09-03T07:13:49Z,scheduled,fd5a73a467bdf52881aac58d5fb71b58,2026-10-02T02:10:00Z,Vancouver Canucks,Edmonton Oilers,draftkings,totals,Over,6.5,1.95
2026-09-03T07:13:49Z,scheduled,fd5a73a467bdf52881aac58d5fb71b58,2026-10-02T02:10:00Z,Vancouver Canucks,Edmonton Oilers,draftkings,totals,Under,6.5,1.87
2026-09-03T07:13:49Z,scheduled,fd5a73a467bdf52881aac58d5fb71b58,2026-10-02T02:10:00Z,Vancouver Canucks,Edmonton Oilers,betsson,h2h,Edmonton Oilers,,1.5
2026-09-03T07:13:49Z,scheduled,fd5a73a467bdf52881aac58d5fb71b58,2026-10-02T02:10:00Z,Vancouver Canucks,Edmonton Oilers,betsson,h2h,Vancouver Canucks,,2.6
2026-09-03T07:13:49Z,scheduled,6b3f5ca8c7e1a314027966d8854d7989,2026-10-02T02:10:00Z,San Jose Sharks,Florida Panthers,draftkings,h2h,Florida Panthers,,1.7
2026-09-03T07:13:49Z,scheduled,6b3f5ca8c7e1a314027966d8854d7989,2026-10-02T02:10:00Z,San Jose Sharks,Florida Panthers,draftkings,h2h,San Jose Sharks,,2.2
2026-09-03T07:13:49Z,scheduled,6b3f5ca8c7e1a314027966d8854d7989,2026-10-02T02:10:00Z,San Jose Sharks,Florida Panthers,draftkings,spreads,Florida Panthers,-1.5,2.8
2026-09-03T07:13:49Z,scheduled,6b3f5ca8c7e1a314027966d8854d7989,2026-10-02T02:10:00Z,San Jose Sharks,Florida Panthers,draftkings,spreads,San Jose Sharks,1.5,1.46
2026-09-03T07:13:49Z,scheduled,6b3f5ca8c7e1a314027966d8854d7989,2026-10-02T02:10:00Z,San Jose Sharks,Florida Panthers,draftkings,totals,Over,6.5,2.05
2026-09-03T07:13:49Z,scheduled,6b3f5ca8c7e1a314027966d8854d7989,2026-10-02T02:10:00Z,San Jose Sharks,Florida Panthers,draftkings,totals,Under,6.5,1.8
2026-09-03T07:13:49Z,scheduled,6b3f5ca8c7e1a314027966d8854d7989,2026-10-02T02:10:00Z,San Jose Sharks,Florida Panthers,betsson,h2h,Florida Panthers,,1.75
2026-09-03T07:13:49Z,scheduled,6b3f5ca8c7e1a314027966d8854d7989,2026-10-02T02:10:00Z,San Jose Sharks,Florida Panthers,betsson,h2h,San Jose Sharks,,2.08
2026-09-03T07:13:49Z,scheduled,5b5466f836933f5fb3ed4b9f267cce75,2026-10-02T22:40:00Z,Detroit Red Wings,New York Rangers,draftkings,h2h,Detroit Red Wings,,1.7
2026-09-03T07:13:49Z,scheduled,5b5466f836933f5fb3ed4b9f267cce75,2026-10-02T22:40:00Z,Detroit Red Wings,New York Rangers,draftkings,h2h,New York Rangers,,2.2
2026-09-03T07:13:49Z,scheduled,5b5466f836933f5fb3ed4b9f267cce75,2026-10-02T22:40:00Z,Detroit Red Wings,New York Rangers,draftkings,spreads,Detroit Red Wings,-1.5,2.8
2026-09-03T07:13:49Z,scheduled,5b5466f836933f5fb3ed4b9f267cce75,2026-10-02T22:40:00Z,Detroit Red Wings,New York Rangers,draftkings,spreads,New York Rangers,1.5,1.46
2026-09-03T07:13:49Z,scheduled,5b5466f836933f5fb3ed4b9f267cce75,2026-10-02T22:40:00Z,Detroit Red Wings,New York Rangers,draftkings,totals,Over,6.5,2.24
2026-09-03T07:13:49Z,scheduled,5b5466f836933f5fb3ed4b9f267cce75,2026-10-02T22:40:00Z,Detroit Red Wings,New York Rangers,draftkings,totals,Under,6.5,1.68
2026-09-03T07:13:49Z,scheduled,5b5466f836933f5fb3ed4b9f267cce75,2026-10-02T22:40:00Z,Detroit Red Wings,New York Rangers,betsson,h2h,Detroit Red Wings,,1.68
2026-09-03T07:13:49Z,scheduled,5b5466f836933f5fb3ed4b9f267cce75,2026-10-02T22:40:00Z,Detroit Red Wings,New York Rangers,betsson,h2h,New York Rangers,,2.18
2026-09-03T07:13:49Z,scheduled,f5a9759e52a784d5fdcc1f3a2fcfc5a2,2026-10-03T00:10:00Z,Winnipeg Jets,Boston Bruins,draftkings,h2h,Boston Bruins,,1.91
2026-09-03T07:13:49Z,scheduled,f5a9759e52a784d5fdcc1f3a2fcfc5a2,2026-10-03T00:10:00Z,Winnipeg Jets,Boston Bruins,draftkings,h2h,Winnipeg Jets,,1.91
2026-09-03T07:13:49Z,scheduled,f5a9759e52a784d5fdcc1f3a2fcfc5a2,2026-10-03T00:10:00Z,Winnipeg Jets,Boston Bruins,draftkings,spreads,Boston Bruins,1.5,1.4
2026-09-03T07:13:49Z,scheduled,f5a9759e52a784d5fdcc1f3a2fcfc5a2,2026-10-03T00:10:00Z,Winnipeg Jets,Boston Bruins,draftkings,spreads,Winnipeg Jets,-1.5,3.05
2026-09-03T07:13:49Z,scheduled,f5a9759e52a784d5fdcc1f3a2fcfc5a2,2026-10-03T00:10:00Z,Winnipeg Jets,Boston Bruins,draftkings,totals,Over,5.5,1.8
2026-09-03T07:13:49Z,scheduled,f5a9759e52a784d5fdcc1f3a2fcfc5a2,2026-10-03T00:10:00Z,Winnipeg Jets,Boston Bruins,draftkings,totals,Under,5.5,2.05
2026-09-03T07:13:49Z,scheduled,f5a9759e52a784d5fdcc1f3a2fcfc5a2,2026-10-03T00:10:00Z,Winnipeg Jets,Boston Bruins,betsson,h2h,Boston Bruins,,1.9
2026-09-03T07:13:49Z,scheduled,f5a9759e52a784d5fdcc1f3a2fcfc5a2,2026-10-03T00:10:00Z,Winnipeg Jets,Boston Bruins,betsson,h2h,Winnipeg Jets,,1.9
2026-09-03T07:13:49Z,scheduled,797f03124f9bb08624b199c28f621c61,2026-10-03T01:10:00Z,Dallas Stars,St Louis Blues,draftkings,h2h,Dallas Stars,,1.49
2026-09-03T07:13:49Z,scheduled,797f03124f9bb08624b199c28f621c61,2026-10-03T01:10:00Z,Dallas Stars,St Louis Blues,draftkings,h2h,St Louis Blues,,2.7
2026-09-03T07:13:49Z,scheduled,797f03124f9bb08624b199c28f621c61,2026-10-03T01:10:00Z,Dallas Stars,St Louis Blues,draftkings,spreads,Dallas Stars,-1.5,2.2
2026-09-03T07:13:49Z,scheduled,797f03124f9bb08624b199c28f621c61,2026-10-03T01:10:00Z,Dallas Stars,St Louis Blues,draftkings,spreads,St Louis Blues,1.5,1.7
2026-09-03T07:13:49Z,scheduled,797f03124f9bb08624b199c28f621c61,2026-10-03T01:10:00Z,Dallas Stars,St Louis Blues,draftkings,totals,Over,5.5,1.83
2026-09-03T07:13:49Z,scheduled,797f03124f9bb08624b199c28f621c61,2026-10-03T01:10:00Z,Dallas Stars,St Louis Blues,draftkings,totals,Under,5.5,2.0
2026-09-03T07:13:49Z,scheduled,797f03124f9bb08624b199c28f621c61,2026-10-03T01:10:00Z,Dallas Stars,St Louis Blues,betsson,h2h,Dallas Stars,,1.45
2026-09-03T07:13:49Z,scheduled,797f03124f9bb08624b199c28f621c61,2026-10-03T01:10:00Z,Dallas Stars,St Louis Blues,betsson,h2h,St Louis Blues,,2.74
2026-09-03T07:13:49Z,scheduled,8d556511643d0c038bff0b7cf4f2b64f,2026-10-03T23:10:00Z,Buffalo Sabres,Chicago Blackhawks,draftkings,h2h,Buffalo Sabres,,1.46
2026-09-03T07:13:49Z,scheduled,8d556511643d0c038bff0b7cf4f2b64f,2026-10-03T23:10:00Z,Buffalo Sabres,Chicago Blackhawks,draftkings,h2h,Chicago Blackhawks,,2.8
2026-09-03T07:13:49Z,scheduled,8d556511643d0c038bff0b7cf4f2b64f,2026-10-03T23:10:00Z,Buffalo Sabres,Chicago Blackhawks,draftkings,spreads,Buffalo Sabres,-1.5,2.14
2026-09-03T07:13:49Z,scheduled,8d556511643d0c038bff0b7cf4f2b64f,2026-10-03T23:10:00Z,Buffalo Sabres,Chicago Blackhawks,draftkings,spreads,Chicago Blackhawks,1.5,1.74
2026-09-03T07:13:49Z,scheduled,8d556511643d0c038bff0b7cf4f2b64f,2026-10-03T23:10:00Z,Buffalo Sabres,Chicago Blackhawks,draftkings,totals,Over,5.5,1.77
2026-09-03T07:13:49Z,scheduled,8d556511643d0c038bff0b7cf4f2b64f,2026-10-03T23:10:00Z,Buffalo Sabres,Chicago Blackhawks,draftkings,totals,Under,5.5,2.1
2026-09-03T07:13:49Z,scheduled,8d556511643d0c038bff0b7cf4f2b64f,2026-10-03T23:10:00Z,Buffalo Sabres,Chicago Blackhawks,betsson,h2h,Buffalo Sabres,,1.45
2026-09-03T07:13:49Z,scheduled,8d556511643d0c038bff0b7cf4f2b64f,2026-10-03T23:10:00Z,Buffalo Sabres,Chicago Blackhawks,betsson,h2h,Chicago Blackhawks,,2.75
2026-09-03T07:13:49Z,scheduled,53b58ae0f99c8172ebee3bd82e7c83a7,2026-10-03T23:10:00Z,Pittsburgh Penguins,Montréal Canadiens,draftkings,h2h,Montréal Canadiens,,1.91
2026-09-03T07:13:49Z,scheduled,53b58ae0f99c8172ebee3bd82e7c83a7,2026-10-03T23:10:00Z,Pittsburgh Penguins,Montréal Canadiens,draftkings,h2h,Pittsburgh Penguins,,1.91
2026-09-03T07:13:49Z,scheduled,53b58ae0f99c8172ebee3bd82e7c83a7,2026-10-03T23:10:00Z,Pittsburgh Penguins,Montréal Canadiens,draftkings,spreads,Montréal Canadiens,-1.5,3.2
2026-09-03T07:13:49Z,scheduled,53b58ae0f99c8172ebee3bd82e7c83a7,2026-10-03T23:10:00Z,Pittsburgh Penguins,Montréal Canadiens,draftkings,spreads,Pittsburgh Penguins,1.5,1.37
2026-09-03T07:13:49Z,scheduled,53b58ae0f99c8172ebee3bd82e7c83a7,2026-10-03T23:10:00Z,Pittsburgh Penguins,Montréal Canadiens,draftkings,totals,Over,6.5,2.14
2026-09-03T07:13:49Z,scheduled,53b58ae0f99c8172ebee3bd82e7c83a7,2026-10-03T23:10:00Z,Pittsburgh Penguins,Montréal Canadiens,draftkings,totals,Under,6.5,1.74
2026-09-03T07:13:49Z,scheduled,53b58ae0f99c8172ebee3bd82e7c83a7,2026-10-03T23:10:00Z,Pittsburgh Penguins,Montréal Canadiens,betsson,h2h,Montréal Canadiens,,1.9
2026-09-03T07:13:49Z,scheduled,53b58ae0f99c8172ebee3bd82e7c83a7,2026-10-03T23:10:00Z,Pittsburgh Penguins,Montréal Canadiens,betsson,h2h,Pittsburgh Penguins,,1.9
2026-09-03T07:13:49Z,scheduled,25079431893a620763e5a454d7991922,2026-10-03T23:10:00Z,Tampa Bay Lightning,Washington Capitals,draftkings,h2h,Tampa Bay Lightning,,1.68
2026-09-03T07:13:49Z,scheduled,25079431893a620763e5a454d7991922,2026-10-03T23:10:00Z,Tampa Bay Lightning,Washington Capitals,draftkings,h2h,Washington Capitals,,2.24
2026-09-03T07:13:49Z,scheduled,25079431893a620763e5a454d7991922,2026-10-03T23:10:00Z,Tampa Bay Lightning,Washington Capitals,draftkings,spreads,Tampa Bay Lightning,-1.5,2.7
2026-09-03T07:13:49Z,scheduled,25079431893a620763e5a454d7991922,2026-10-03T23:10:00Z,Tampa Bay Lightning,Washington Capitals,draftkings,spreads,Washington Capitals,1.5,1.49
2026-09-03T07:13:49Z,scheduled,25079431893a620763e5a454d7991922,2026-10-03T23:10:00Z,Tampa Bay Lightning,Washington Capitals,draftkings,totals,Over,5.5,1.74
2026-09-03T07:13:49Z,scheduled,25079431893a620763e5a454d7991922,2026-10-03T23:10:00Z,Tampa Bay Lightning,Washington Capitals,draftkings,totals,Under,5.5,2.14
2026-09-03T07:13:49Z,scheduled,3e2c8a883cae029144e27e4fca5ae9e8,2026-10-03T23:40:00Z,New York Islanders,New Jersey Devils,draftkings,h2h,New Jersey Devils,,1.91
2026-09-03T07:13:49Z,scheduled,3e2c8a883cae029144e27e4fca5ae9e8,2026-10-03T23:40:00Z,New York Islanders,New Jersey Devils,draftkings,h2h,New York Islanders,,1.91
2026-09-03T07:13:49Z,scheduled,3e2c8a883cae029144e27e4fca5ae9e8,2026-10-03T23:40:00Z,New York Islanders,New Jersey Devils,draftkings,spreads,New Jersey Devils,1.5,1.39
2026-09-03T07:13:49Z,scheduled,3e2c8a883cae029144e27e4fca5ae9e8,2026-10-03T23:40:00Z,New York Islanders,New Jersey Devils,draftkings,spreads,New York Islanders,-1.5,3.1
2026-09-03T07:13:49Z,scheduled,3e2c8a883cae029144e27e4fca5ae9e8,2026-10-03T23:40:00Z,New York Islanders,New Jersey Devils,draftkings,totals,Over,5.5,1.77
2026-09-03T07:13:49Z,scheduled,3e2c8a883cae029144e27e4fca5ae9e8,2026-10-03T23:40:00Z,New York Islanders,New Jersey Devils,draftkings,totals,Under,5.5,2.1
2026-09-03T07:13:49Z,scheduled,3a9af73961ea2f2322255a6fca4d421e,2026-10-04T00:10:00Z,Minnesota Wild,Boston Bruins,draftkings,h2h,Boston Bruins,,2.54
2026-09-03T07:13:49Z,scheduled,3a9af73961ea2f2322255a6fca4d421e,2026-10-04T00:10:00Z,Minnesota Wild,Boston Bruins,draftkings,h2h,Minnesota Wild,,1.54
2026-09-03T07:13:49Z,scheduled,3a9af73961ea2f2322255a6fca4d421e,2026-10-04T00:10:00Z,Minnesota Wild,Boston Bruins,draftkings,spreads,Boston Bruins,1.5,1.62
2026-09-03T07:13:49Z,scheduled,3a9af73961ea2f2322255a6fca4d421e,2026-10-04T00:10:00Z,Minnesota Wild,Boston Bruins,draftkings,spreads,Minnesota Wild,-1.5,2.36
2026-09-03T07:13:49Z,scheduled,3a9af73961ea2f2322255a6fca4d421e,2026-10-04T00:10:00Z,Minnesota Wild,Boston Bruins,draftkings,totals,Over,6.5,2.24
2026-09-03T07:13:49Z,scheduled,3a9af73961ea2f2322255a6fca4d421e,2026-10-04T00:10:00Z,Minnesota Wild,Boston Bruins,draftkings,totals,Under,6.5,1.68
2026-09-03T07:13:49Z,scheduled,6cac1fc86136075a23655625562fd8dc,2026-10-05T00:10:00Z,Anaheim Ducks,Florida Panthers,draftkings,h2h,Anaheim Ducks,,2.1
2026-09-03T07:13:49Z,scheduled,6cac1fc86136075a23655625562fd8dc,2026-10-05T00:10:00Z,Anaheim Ducks,Florida Panthers,draftkings,h2h,Florida Panthers,,1.77
2026-09-03T07:13:49Z,scheduled,6cac1fc86136075a23655625562fd8dc,2026-10-05T00:10:00Z,Anaheim Ducks,Florida Panthers,draftkings,spreads,Anaheim Ducks,1.5,1.43
2026-09-03T07:13:49Z,scheduled,6cac1fc86136075a23655625562fd8dc,2026-10-05T00:10:00Z,Anaheim Ducks,Florida Panthers,draftkings,spreads,Florida Panthers,-1.5,2.9
2026-09-03T07:13:49Z,scheduled,6cac1fc86136075a23655625562fd8dc,2026-10-05T00:10:00Z,Anaheim Ducks,Florida Panthers,draftkings,totals,Over,6.5,1.77
2026-09-03T07:13:49Z,scheduled,6cac1fc86136075a23655625562fd8dc,2026-10-05T00:10:00Z,Anaheim Ducks,Florida Panthers,draftkings,totals,Under,6.5,2.1
2026-09-03T07:13:49Z,scheduled,d90c875a1c75ed65db6e3dc2f4a1afcc,2026-10-05T00:10:00Z,Seattle Kraken,Calgary Flames,draftkings,h2h,Calgary Flames,,2.14
2026-09-03T07:13:49Z,scheduled,d90c875a1c75ed65db6e3dc2f4a1afcc,2026-10-05T00:10:00Z,Seattle Kraken,Calgary Flames,draftkings,h2h,Seattle Kraken,,1.74
2026-09-03T07:13:49Z,scheduled,d90c875a1c75ed65db6e3dc2f4a1afcc,2026-10-05T00:10:00Z,Seattle Kraken,Calgary Flames,draftkings,spreads,Calgary Flames,1.5,1.46
2026-09-03T07:13:49Z,scheduled,d90c875a1c75ed65db6e3dc2f4a1afcc,2026-10-05T00:10:00Z,Seattle Kraken,Calgary Flames,draftkings,spreads,Seattle Kraken,-1.5,2.8
2026-09-03T07:13:49Z,scheduled,d90c875a1c75ed65db6e3dc2f4a1afcc,2026-10-05T00:10:00Z,Seattle Kraken,Calgary Flames,draftkings,totals,Over,5.5,1.91
2026-09-03T07:13:49Z,scheduled,d90c875a1c75ed65db6e3dc2f4a1afcc,2026-10-05T00:10:00Z,Seattle Kraken,Calgary Flames,draftkings,totals,Under,5.5,1.91
2026-09-03T07:13:49Z,scheduled,3b7b6520b0bc91f44cf9c9575d7e29f7,2026-10-06T23:10:00Z,Montréal Canadiens,Carolina Hurricanes,draftkings,h2h,Carolina Hurricanes,,1.8
2026-09-03T07:13:49Z,scheduled,3b7b6520b0bc91f44cf9c9575d7e29f7,2026-10-06T23:10:00Z,Montréal Canadiens,Carolina Hurricanes,draftkings,h2h,Montréal Canadiens,,2.05
2026-09-03T07:13:49Z,scheduled,3b7b6520b0bc91f44cf9c9575d7e29f7,2026-10-06T23:10:00Z,Montréal Canadiens,Carolina Hurricanes,draftkings,spreads,Carolina Hurricanes,-1.5,3.0
2026-09-03T07:13:49Z,scheduled,3b7b6520b0bc91f44cf9c9575d7e29f7,2026-10-06T23:10:00Z,Montréal Canadiens,Carolina Hurricanes,draftkings,spreads,Montréal Canadiens,1.5,1.41
2026-09-03T07:13:49Z,scheduled,3b7b6520b0bc91f44cf9c9575d7e29f7,2026-10-06T23:10:00Z,Montréal Canadiens,Carolina Hurricanes,draftkings,totals,Over,6.5,1.91
2026-09-03T07:13:49Z,scheduled,3b7b6520b0bc91f44cf9c9575d7e29f7,2026-10-06T23:10:00Z,Montréal Canadiens,Carolina Hurricanes,draftkings,totals,Under,6.5,1.91
2026-09-03T07:13:49Z,scheduled,e77f5de1229c03c1338f5cf3eb6797ba,2026-10-07T00:10:00Z,Chicago Blackhawks,St Louis Blues,draftkings,h2h,Chicago Blackhawks,,1.91
2026-09-03T07:13:49Z,scheduled,e77f5de1229c03c1338f5cf3eb6797ba,2026-10-07T00:10:00Z,Chicago Blackhawks,St Louis Blues,draftkings,h2h,St Louis Blues,,1.91
2026-09-03T07:13:49Z,scheduled,e77f5de1229c03c1338f5cf3eb6797ba,2026-10-07T00:10:00Z,Chicago Blackhawks,St Louis Blues,draftkings,spreads,Chicago Blackhawks,-1.5,3.2
2026-09-03T07:13:49Z,scheduled,e77f5de1229c03c1338f5cf3eb6797ba,2026-10-07T00:10:00Z,Chicago Blackhawks,St Louis Blues,draftkings,spreads,St Louis Blues,1.5,1.37
2026-09-03T07:13:49Z,scheduled,e77f5de1229c03c1338f5cf3eb6797ba,2026-10-07T00:10:00Z,Chicago Blackhawks,St Louis Blues,draftkings,totals,Over,5.5,1.91
2026-09-03T07:13:49Z,scheduled,e77f5de1229c03c1338f5cf3eb6797ba,2026-10-07T00:10:00Z,Chicago Blackhawks,St Louis Blues,draftkings,totals,Under,5.5,1.91
2026-09-03T07:13:49Z,scheduled,3a95439904d3d0af12970bb0c8e66a3a,2026-10-07T02:40:00Z,Los Angeles Kings,Florida Panthers,draftkings,h2h,Florida Panthers,,1.77
2026-09-03T07:13:49Z,scheduled,3a95439904d3d0af12970bb0c8e66a3a,2026-10-07T02:40:00Z,Los Angeles Kings,Florida Panthers,draftkings,h2h,Los Angeles Kings,,2.1
2026-09-03T07:13:49Z,scheduled,3a95439904d3d0af12970bb0c8e66a3a,2026-10-07T02:40:00Z,Los Angeles Kings,Florida Panthers,draftkings,spreads,Florida Panthers,-1.5,2.95
2026-09-03T07:13:49Z,scheduled,3a95439904d3d0af12970bb0c8e66a3a,2026-10-07T02:40:00Z,Los Angeles Kings,Florida Panthers,draftkings,spreads,Los Angeles Kings,1.5,1.42
2026-09-03T07:13:49Z,scheduled,3a95439904d3d0af12970bb0c8e66a3a,2026-10-07T02:40:00Z,Los Angeles Kings,Florida Panthers,draftkings,totals,Over,5.5,1.77
2026-09-03T07:13:49Z,scheduled,3a95439904d3d0af12970bb0c8e66a3a,2026-10-07T02:40:00Z,Los Angeles Kings,Florida Panthers,draftkings,totals,Under,5.5,2.1
2026-09-03T07:13:49Z,scheduled,8112572f236320d4d4c99b6eb0989b94,2026-10-07T23:40:00Z,Washington Capitals,Pittsburgh Penguins,draftkings,h2h,Pittsburgh Penguins,,2.3
2026-09-03T07:13:49Z,scheduled,8112572f236320d4d4c99b6eb0989b94,2026-10-07T23:40:00Z,Washington Capitals,Pittsburgh Penguins,draftkings,h2h,Washington Capitals,,1.65
2026-09-03T07:13:49Z,scheduled,8112572f236320d4d4c99b6eb0989b94,2026-10-07T23:40:00Z,Washington Capitals,Pittsburgh Penguins,draftkings,spreads,Pittsburgh Penguins,1.5,1.51
2026-09-03T07:13:49Z,scheduled,8112572f236320d4d4c99b6eb0989b94,2026-10-07T23:40:00Z,Washington Capitals,Pittsburgh Penguins,draftkings,spreads,Washington Capitals,-1.5,2.64
2026-09-03T07:13:49Z,scheduled,8112572f236320d4d4c99b6eb0989b94,2026-10-07T23:40:00Z,Washington Capitals,Pittsburgh Penguins,draftkings,totals,Over,6.5,2.14
2026-09-03T07:13:49Z,scheduled,8112572f236320d4d4c99b6eb0989b94,2026-10-07T23:40:00Z,Washington Capitals,Pittsburgh Penguins,draftkings,totals,Under,6.5,1.74
2026-09-03T07:13:49Z,scheduled,9f6db651fe2d7363616cc72625c4972d,2026-10-08T23:10:00Z,Ottawa Senators,Philadelphia Flyers,draftkings,h2h,Ottawa Senators,,1.8
2026-09-03T07:13:49Z,scheduled,9f6db651fe2d7363616cc72625c4972d,2026-10-08T23:10:00Z,Ottawa Senators,Philadelphia Flyers,draftkings,h2h,Philadelphia Flyers,,2.05
2026-09-03T07:13:49Z,scheduled,9f6db651fe2d7363616cc72625c4972d,2026-10-08T23:10:00Z,Ottawa Senators,Philadelphia Flyers,draftkings,spreads,Ottawa Senators,-1.5,2.9
2026-09-03T07:13:49Z,scheduled,9f6db651fe2d7363616cc72625c4972d,2026-10-08T23:10:00Z,Ottawa Senators,Philadelphia Flyers,draftkings,spreads,Philadelphia Flyers,1.5,1.43
2026-09-03T07:13:49Z,scheduled,9f6db651fe2d7363616cc72625c4972d,2026-10-08T23:10:00Z,Ottawa Senators,Philadelphia Flyers,draftkings,totals,Over,5.5,1.91
2026-09-03T07:13:49Z,scheduled,9f6db651fe2d7363616cc72625c4972d,2026-10-08T23:10:00Z,Ottawa Senators,Philadelphia Flyers,draftkings,totals,Under,5.5,1.91
2026-09-03T07:13:49Z,scheduled,01d78cd04d7c4fb958e1d02bace05ec4,2026-10-09T00:10:00Z,St Louis Blues,San Jose Sharks,draftkings,h2h,San Jose Sharks,,1.83
2026-09-03T07:13:49Z,scheduled,01d78cd04d7c4fb958e1d02bace05ec4,2026-10-09T00:10:00Z,St Louis Blues,San Jose Sharks,draftkings,h2h,St Louis Blues,,2.0
2026-09-03T07:13:49Z,scheduled,01d78cd04d7c4fb958e1d02bace05ec4,2026-10-09T00:10:00Z,St Louis Blues,San Jose Sharks,draftkings,spreads,San Jose Sharks,-1.5,2.8
2026-09-03T07:13:49Z,scheduled,01d78cd04d7c4fb958e1d02bace05ec4,2026-10-09T00:10:00Z,St Louis Blues,San Jose Sharks,draftkings,spreads,St Louis Blues,1.5,1.46
2026-09-03T07:13:49Z,scheduled,01d78cd04d7c4fb958e1d02bace05ec4,2026-10-09T00:10:00Z,St Louis Blues,San Jose Sharks,draftkings,totals,Over,5.5,1.77
2026-09-03T07:13:49Z,scheduled,01d78cd04d7c4fb958e1d02bace05ec4,2026-10-09T00:10:00Z,St Louis Blues,San Jose Sharks,draftkings,totals,Under,5.5,2.1
2026-09-03T07:13:49Z,scheduled,4951992db982c394e261970cbfb52332,2026-10-10T22:10:00Z,Florida Panthers,Minnesota Wild,draftkings,h2h,Florida Panthers,,1.68
2026-09-03T07:13:49Z,scheduled,4951992db982c394e261970cbfb52332,2026-10-10T22:10:00Z,Florida Panthers,Minnesota Wild,draftkings,h2h,Minnesota Wild,,2.24
2026-09-03T07:13:49Z,scheduled,4951992db982c394e261970cbfb52332,2026-10-10T22:10:00Z,Florida Panthers,Minnesota Wild,draftkings,spreads,Florida Panthers,-1.5,2.7
2026-09-03T07:13:49Z,scheduled,4951992db982c394e261970cbfb52332,2026-10-10T22:10:00Z,Florida Panthers,Minnesota Wild,draftkings,spreads,Minnesota Wild,1.5,1.49
2026-09-03T07:13:49Z,scheduled,4951992db982c394e261970cbfb52332,2026-10-10T22:10:00Z,Florida Panthers,Minnesota Wild,draftkings,totals,Over,6.5,1.8
2026-09-03T07:13:49Z,scheduled,4951992db982c394e261970cbfb52332,2026-10-10T22:10:00Z,Florida Panthers,Minnesota Wild,draftkings,totals,Under,6.5,2.05
