event_id,completed_utc,commence_utc,home,away,home_score,away_score,winner
55ee0a20c48002519602e2362965c6e6,2026-08-29T19:41:09Z,2026-08-27T23:08:00Z,Toronto Blue Jays,Kansas City Royals,2,13,Kansas City Royals
4f28746c8d3ba89a48ef42722f1bbc9c,2026-08-29T19:41:09Z,2026-08-27T23:11:00Z,New York Mets,Milwaukee Brewers,2,8,Milwaukee Brewers
927a7b09cc5f1512d0324748164c0b5f,2026-08-29T19:41:09Z,2026-08-27T23:16:00Z,Atlanta Braves,Los Angeles Dodgers,1,0,Atlanta Braves
68a5f4cb0d65f2fc93321ae004027c46,2026-08-29T19:41:09Z,2026-08-27T23:16:00Z,New York Yankees,Houston Astros,1,5,Houston Astros
9c67e5d6aa08977aa9e9818a83cc6d79,2026-08-29T19:41:09Z,2026-08-28T01:46:00Z,San Francisco Giants,Arizona Diamondbacks,6,1,San Francisco Giants
a6d63d072ba391db5be1a628a064656c,2026-08-29T19:41:09Z,2026-08-28T18:21:00Z,Chicago Cubs,Cincinnati Reds,8,10,Cincinnati Reds
bb28f14c5f48561498ab3fabd1ebf47b,2026-08-29T19:41:09Z,2026-08-28T22:41:00Z,Detroit Tigers,Los Angeles Dodgers,1,2,Los Angeles Dodgers
1d34c8ba40aec1ca9cadb1ff7ef37e42,2026-08-29T19:41:09Z,2026-08-28T22:46:00Z,Washington Nationals,Miami Marlins,9,2,Washington Nationals
fab839164ecf4aec65df50e5ee9bbed3,2026-08-29T19:41:09Z,2026-08-28T23:11:00Z,Cleveland Guardians,Kansas City Royals,0,3,Kansas City Royals
0b16c66db57136bcbe0cb430b3315572,2026-08-29T19:41:09Z,2026-08-28T23:11:00Z,Tampa Bay Rays,San Diego Padres,9,4,Tampa Bay Rays
233ffa284e1672e4866733dd85fac3e5,2026-08-29T19:41:09Z,2026-08-28T23:12:00Z,New York Mets,Houston Astros,1,3,Houston Astros
2458fd8fd2cc9241175e46181d9b3066,2026-08-29T19:41:09Z,2026-08-28T23:16:00Z,New York Yankees,Boston Red Sox,1,0,New York Yankees
365be8fc27b2eb31c003fc150dde54a5,2026-08-29T19:41:09Z,2026-08-28T23:16:00Z,Toronto Blue Jays,Seattle Mariners,8,1,Toronto Blue Jays
6e66851b93b3cdcc4578b23ae9b93d6d,2026-08-29T19:41:09Z,2026-08-28T23:17:00Z,Atlanta Braves,Colorado Rockies,6,4,Atlanta Braves
57c478eb2e6623a9a63b654b20634fa1,2026-08-29T19:41:09Z,2026-08-28T23:41:00Z,Milwaukee Brewers,Texas Rangers,6,1,Milwaukee Brewers
58cbf4ef2d32ebf1fa4fa41564b795c0,2026-08-29T19:41:09Z,2026-08-29T00:11:00Z,Minnesota Twins,Chicago White Sox,4,7,Chicago White Sox
886fd41b6e8045d61119b579793ffbcc,2026-08-29T19:41:09Z,2026-08-29T00:16:00Z,St. Louis Cardinals,Pittsburgh Pirates,4,1,St. Louis Cardinals
36f6301129991d3a13de99fc29f5d4bf,2026-08-29T19:41:09Z,2026-08-29T01:39:00Z,Los Angeles Angels,Philadelphia Phillies,3,5,Philadelphia Phillies
ef43a82246c16635651619951f3fb493,2026-08-29T19:41:09Z,2026-08-29T01:41:00Z,Athletics,Baltimore Orioles,3,4,Baltimore Orioles
94fdf397f1e71919d8a7a9db4c9f81d8,2026-08-29T19:41:09Z,2026-08-29T02:16:00Z,San Francisco Giants,Arizona Diamondbacks,6,10,Arizona Diamondbacks
ef5ae47c92d83c4feec38fd6e38ce4ae,2026-08-30T08:08:18Z,2026-08-29T17:07:00Z,New York Yankees,Boston Red Sox,0,6,Boston Red Sox
ceacc88501fe426069c942442f28b728,2026-08-30T08:08:18Z,2026-08-29T17:11:00Z,Detroit Tigers,Los Angeles Dodgers,2,1,Detroit Tigers
3835e2aa32cf2b9c29c510c140edab2c,2026-08-30T08:08:18Z,2026-08-29T18:11:00Z,Minnesota Twins,Chicago White Sox,2,3,Chicago White Sox
36793e7e4ba4b8f8902fb3b7f99c3083,2026-08-30T08:08:18Z,2026-08-29T18:16:00Z,St. Louis Cardinals,Pittsburgh Pirates,2,6,Pittsburgh Pirates
ac94f561e1f61674d2b43a1be8f5788b,2026-08-30T08:08:18Z,2026-08-29T18:21:00Z,Chicago Cubs,Cincinnati Reds,17,5,Chicago Cubs
bf03cc7b1d68cf11be4a1b5a7f3aee73,2026-08-30T08:08:18Z,2026-08-29T19:49:00Z,Toronto Blue Jays,Seattle Mariners,4,3,Toronto Blue Jays
147cde54c2c64f6e17c1f5a1ec9fadf7,2026-08-30T08:08:18Z,2026-08-29T20:06:00Z,San Francisco Giants,Arizona Diamondbacks,1,7,Arizona Diamondbacks
1105cf475ac0bf505e3529166e54197c,2026-08-30T08:08:18Z,2026-08-29T20:06:00Z,Washington Nationals,Miami Marlins,5,4,Washington Nationals
a4fe71fcdb68ebdb641116734d66ebb7,2026-08-30T08:08:18Z,2026-08-29T20:11:00Z,Cleveland Guardians,Kansas City Royals,3,8,Kansas City Royals
263ea76f8b365e6d8c84baff2fab2b70,2026-08-30T08:08:18Z,2026-08-29T20:11:00Z,New York Mets,Houston Astros,6,2,New York Mets
a4558d70afe6992060734e6ea21ca616,2026-08-30T08:08:18Z,2026-08-29T20:11:00Z,Tampa Bay Rays,San Diego Padres,7,6,Tampa Bay Rays
f09fa6908679cc62186874d19386d9ae,2026-08-30T08:08:18Z,2026-08-29T20:26:00Z,Atlanta Braves,Colorado Rockies,2,1,Atlanta Braves
03a0ddbd6b3c88cdb2490d592317291f,2026-08-30T08:08:18Z,2026-08-29T23:16:00Z,New York Yankees,Boston Red Sox,9,2,New York Yankees
52d2d3c67d49f8908f4acb9bfc013533,2026-08-30T08:08:18Z,2026-08-29T23:16:00Z,Milwaukee Brewers,Texas Rangers,5,3,Milwaukee Brewers
f007a8d44c9c2b52df9d2e68b822e580,2026-08-30T08:08:18Z,2026-08-30T02:06:00Z,San Francisco Giants,Arizona Diamondbacks,7,2,San Francisco Giants
a6d2e445575c033726a0824697fe8033,2026-08-30T08:08:18Z,2026-08-30T02:06:00Z,Athletics,Baltimore Orioles,3,5,Baltimore Orioles
24be08805f9e6d828810ae8435d2563a,2026-08-30T08:08:18Z,2026-08-30T02:08:00Z,Los Angeles Angels,Philadelphia Phillies,2,4,Philadelphia Phillies
9d137e890c8e3337cf83b0d6d1fea2fb,2026-08-31T08:08:31Z,2026-08-30T16:16:00Z,Washington Nationals,Miami Marlins,2,6,Miami Marlins
e176f9d4e92b024e920cd73cf8ebbf44,2026-08-31T08:08:31Z,2026-08-30T17:36:00Z,Atlanta Braves,Colorado Rockies,3,2,Atlanta Braves
75e7ebd9013ed49bf10e2b6864286236,2026-08-31T08:08:31Z,2026-08-30T17:36:00Z,New York Yankees,Boston Red Sox,16,1,New York Yankees
d03e2aff6dbfcf8c397adbf517f2d0dd,2026-08-31T08:08:31Z,2026-08-30T17:38:00Z,Toronto Blue Jays,Seattle Mariners,7,0,Toronto Blue Jays
726da57c20b076baecbbed501a78e728,2026-08-31T08:08:31Z,2026-08-30T17:40:17Z,Tampa Bay Rays,San Diego Padres,5,4,Tampa Bay Rays
008f42799432660532a3e011a06b8356,2026-08-31T08:08:31Z,2026-08-30T18:11:00Z,Minnesota Twins,Chicago White Sox,5,1,Minnesota Twins
c30933ae1af977f17e3c51c0dc107680,2026-08-31T08:08:31Z,2026-08-30T18:11:00Z,Cleveland Guardians,Kansas City Royals,11,1,Cleveland Guardians
a91d64137833f64718d0174df935abdb,2026-08-31T08:08:31Z,2026-08-30T18:12:12Z,Milwaukee Brewers,Texas Rangers,4,7,Texas Rangers
d487524ecd9c4b4fcea5c92c7f2081a4,2026-08-31T08:08:31Z,2026-08-30T18:16:00Z,St. Louis Cardinals,Pittsburgh Pirates,4,5,Pittsburgh Pirates
369e8c1f02400fd5e4528e7397bdcde6,2026-08-31T08:08:31Z,2026-08-30T18:37:00Z,Detroit Tigers,Los Angeles Dodgers,1,6,Los Angeles Dodgers
799823f7421c5a5c018435aa85a7b250,2026-08-31T08:08:31Z,2026-08-30T19:11:00Z,New York Mets,Houston Astros,3,6,Houston Astros
5421f226ba19cb1198c31f339c373ad2,2026-08-31T08:08:31Z,2026-08-30T20:06:00Z,Athletics,Baltimore Orioles,5,8,Baltimore Orioles
cd304593a01b05fbfdceca7ab3654067,2026-08-31T08:08:31Z,2026-08-30T20:08:14Z,Los Angeles Angels,Philadelphia Phillies,2,5,Philadelphia Phillies
fad352c2e9cdf4ad800e2693f20256b7,2026-08-31T08:08:31Z,2026-08-30T23:46:00Z,Chicago Cubs,Cincinnati Reds,5,7,Cincinnati Reds
